branch,hour,year,NR
Babylon,0,2010,31
Babylon,1,2010,27
Babylon,2,2010,10
Babylon,3,2010,12
Babylon,4,2010,11
Babylon,5,2010,34
Babylon,6,2010,115
Babylon,7,2010,149
Babylon,8,2010,110
Babylon,9,2010,46
Babylon,10,2010,65
Babylon,11,2010,81
Babylon,12,2010,79
Babylon,13,2010,65
Babylon,14,2010,64
Babylon,15,2010,179
Babylon,16,2010,247
Babylon,17,2010,276
Babylon,18,2010,254
Babylon,19,2010,77
Babylon,20,2010,83
Babylon,21,2010,66
Babylon,22,2010,65
Babylon,23,2010,27
Babylon,0,2011,43
Babylon,1,2011,54
Babylon,2,2011,7
Babylon,3,2011,22
Babylon,4,2011,27
Babylon,5,2011,62
Babylon,6,2011,209
Babylon,7,2011,257
Babylon,8,2011,201
Babylon,9,2011,68
Babylon,10,2011,108
Babylon,11,2011,103
Babylon,12,2011,66
Babylon,13,2011,82
Babylon,14,2011,72
Babylon,15,2011,177
Babylon,16,2011,285
Babylon,17,2011,374
Babylon,18,2011,392
Babylon,19,2011,100
Babylon,20,2011,133
Babylon,21,2011,90
Babylon,22,2011,73
Babylon,23,2011,50
Babylon,0,2012,36
Babylon,1,2012,52
Babylon,2,2012,10
Babylon,3,2012,13
Babylon,4,2012,28
Babylon,5,2012,43
Babylon,6,2012,160
Babylon,7,2012,187
Babylon,8,2012,161
Babylon,9,2012,54
Babylon,10,2012,82
Babylon,11,2012,109
Babylon,12,2012,74
Babylon,13,2012,115
Babylon,14,2012,122
Babylon,15,2012,141
Babylon,16,2012,374
Babylon,17,2012,307
Babylon,18,2012,321
Babylon,19,2012,92
Babylon,20,2012,104
Babylon,21,2012,77
Babylon,22,2012,111
Babylon,23,2012,48
Babylon,0,2013,60
Babylon,1,2013,90
Babylon,2,2013,15
Babylon,3,2013,36
Babylon,4,2013,29
Babylon,5,2013,35
Babylon,6,2013,206
Babylon,7,2013,379
Babylon,8,2013,254
Babylon,9,2013,83
Babylon,10,2013,93
Babylon,11,2013,136
Babylon,12,2013,124
Babylon,13,2013,111
Babylon,14,2013,132
Babylon,15,2013,135
Babylon,16,2013,330
Babylon,17,2013,399
Babylon,18,2013,378
Babylon,19,2013,81
Babylon,20,2013,86
Babylon,21,2013,56
Babylon,22,2013,82
Babylon,23,2013,78
Babylon,0,2014,56
Babylon,1,2014,91
Babylon,2,2014,9
Babylon,3,2014,29
Babylon,4,2014,34
Babylon,5,2014,43
Babylon,6,2014,188
Babylon,7,2014,327
Babylon,8,2014,260
Babylon,9,2014,55
Babylon,10,2014,98
Babylon,11,2014,122
Babylon,12,2014,78
Babylon,13,2014,122
Babylon,14,2014,117
Babylon,15,2014,215
Babylon,16,2014,556
Babylon,17,2014,689
Babylon,18,2014,581
Babylon,19,2014,154
Babylon,20,2014,103
Babylon,21,2014,75
Babylon,22,2014,74
Babylon,23,2014,120
Babylon,0,2015,57
Babylon,1,2015,43
Babylon,2,2015,7
Babylon,3,2015,40
Babylon,4,2015,37
Babylon,5,2015,86
Babylon,6,2015,252
Babylon,7,2015,392
Babylon,8,2015,304
Babylon,9,2015,75
Babylon,10,2015,101
Babylon,11,2015,102
Babylon,12,2015,86
Babylon,13,2015,107
Babylon,14,2015,156
Babylon,15,2015,156
Babylon,16,2015,438
Babylon,17,2015,598
Babylon,18,2015,511
Babylon,19,2015,118
Babylon,20,2015,101
Babylon,21,2015,57
Babylon,22,2015,117
Babylon,23,2015,146
Babylon,0,2016,83
Babylon,1,2016,52
Babylon,2,2016,41
Babylon,3,2016,32
Babylon,4,2016,27
Babylon,5,2016,55
Babylon,6,2016,169
Babylon,7,2016,236
Babylon,8,2016,240
Babylon,9,2016,97
Babylon,10,2016,107
Babylon,11,2016,212
Babylon,12,2016,110
Babylon,13,2016,116
Babylon,14,2016,155
Babylon,15,2016,158
Babylon,16,2016,417
Babylon,17,2016,483
Babylon,18,2016,441
Babylon,19,2016,134
Babylon,20,2016,109
Babylon,21,2016,79
Babylon,22,2016,165
Babylon,23,2016,187
Babylon,0,2017,85
Babylon,1,2017,47
Babylon,2,2017,26
Babylon,3,2017,40
Babylon,4,2017,44
Babylon,5,2017,63
Babylon,6,2017,217
Babylon,7,2017,289
Babylon,8,2017,226
Babylon,9,2017,133
Babylon,10,2017,132
Babylon,11,2017,212
Babylon,12,2017,125
Babylon,13,2017,142
Babylon,14,2017,156
Babylon,15,2017,231
Babylon,16,2017,533
Babylon,17,2017,645
Babylon,18,2017,589
Babylon,19,2017,162
Babylon,20,2017,111
Babylon,21,2017,86
Babylon,22,2017,131
Babylon,23,2017,150
Babylon,0,2018,49
Babylon,1,2018,23
Babylon,2,2018,7
Babylon,3,2018,21
Babylon,4,2018,26
Babylon,5,2018,41
Babylon,6,2018,212
Babylon,7,2018,177
Babylon,8,2018,173
Babylon,9,2018,50
Babylon,10,2018,52
Babylon,11,2018,83
Babylon,12,2018,42
Babylon,13,2018,69
Babylon,14,2018,51
Babylon,15,2018,122
Babylon,16,2018,248
Babylon,17,2018,284
Babylon,18,2018,220
Babylon,19,2018,106
Babylon,20,2018,67
Babylon,21,2018,33
Babylon,22,2018,66
Babylon,23,2018,61
Far Rockaway,0,2010,9
Far Rockaway,1,2010,11
Far Rockaway,2,2010,
Far Rockaway,3,2010,12
Far Rockaway,4,2010,1
Far Rockaway,5,2010,13
Far Rockaway,6,2010,18
Far Rockaway,7,2010,40
Far Rockaway,8,2010,43
Far Rockaway,9,2010,8
Far Rockaway,10,2010,14
Far Rockaway,11,2010,22
Far Rockaway,12,2010,18
Far Rockaway,13,2010,14
Far Rockaway,14,2010,10
Far Rockaway,15,2010,12
Far Rockaway,16,2010,48
Far Rockaway,17,2010,37
Far Rockaway,18,2010,40
Far Rockaway,19,2010,31
Far Rockaway,20,2010,14
Far Rockaway,21,2010,12
Far Rockaway,22,2010,25
Far Rockaway,23,2010,6
Far Rockaway,0,2011,17
Far Rockaway,1,2011,15
Far Rockaway,2,2011,1
Far Rockaway,3,2011,7
Far Rockaway,4,2011,10
Far Rockaway,5,2011,16
Far Rockaway,6,2011,31
Far Rockaway,7,2011,68
Far Rockaway,8,2011,86
Far Rockaway,9,2011,12
Far Rockaway,10,2011,22
Far Rockaway,11,2011,13
Far Rockaway,12,2011,19
Far Rockaway,13,2011,22
Far Rockaway,14,2011,13
Far Rockaway,15,2011,28
Far Rockaway,16,2011,57
Far Rockaway,17,2011,70
Far Rockaway,18,2011,63
Far Rockaway,19,2011,57
Far Rockaway,20,2011,28
Far Rockaway,21,2011,20
Far Rockaway,22,2011,35
Far Rockaway,23,2011,5
Far Rockaway,0,2012,10
Far Rockaway,1,2012,4
Far Rockaway,2,2012,3
Far Rockaway,3,2012,7
Far Rockaway,4,2012,5
Far Rockaway,5,2012,24
Far Rockaway,6,2012,19
Far Rockaway,7,2012,53
Far Rockaway,8,2012,74
Far Rockaway,9,2012,9
Far Rockaway,10,2012,12
Far Rockaway,11,2012,6
Far Rockaway,12,2012,11
Far Rockaway,13,2012,28
Far Rockaway,14,2012,13
Far Rockaway,15,2012,17
Far Rockaway,16,2012,59
Far Rockaway,17,2012,80
Far Rockaway,18,2012,69
Far Rockaway,19,2012,51
Far Rockaway,20,2012,11
Far Rockaway,21,2012,12
Far Rockaway,22,2012,29
Far Rockaway,23,2012,15
Far Rockaway,0,2013,12
Far Rockaway,1,2013,5
Far Rockaway,2,2013,2
Far Rockaway,3,2013,6
Far Rockaway,4,2013,8
Far Rockaway,5,2013,17
Far Rockaway,6,2013,19
Far Rockaway,7,2013,72
Far Rockaway,8,2013,139
Far Rockaway,9,2013,11
Far Rockaway,10,2013,12
Far Rockaway,11,2013,10
Far Rockaway,12,2013,16
Far Rockaway,13,2013,10
Far Rockaway,14,2013,12
Far Rockaway,15,2013,25
Far Rockaway,16,2013,85
Far Rockaway,17,2013,78
Far Rockaway,18,2013,82
Far Rockaway,19,2013,39
Far Rockaway,20,2013,8
Far Rockaway,21,2013,16
Far Rockaway,22,2013,17
Far Rockaway,23,2013,20
Far Rockaway,0,2014,21
Far Rockaway,1,2014,8
Far Rockaway,2,2014,2
Far Rockaway,3,2014,9
Far Rockaway,4,2014,17
Far Rockaway,5,2014,25
Far Rockaway,6,2014,18
Far Rockaway,7,2014,94
Far Rockaway,8,2014,152
Far Rockaway,9,2014,13
Far Rockaway,10,2014,20
Far Rockaway,11,2014,31
Far Rockaway,12,2014,24
Far Rockaway,13,2014,29
Far Rockaway,14,2014,24
Far Rockaway,15,2014,39
Far Rockaway,16,2014,103
Far Rockaway,17,2014,117
Far Rockaway,18,2014,90
Far Rockaway,19,2014,60
Far Rockaway,20,2014,12
Far Rockaway,21,2014,18
Far Rockaway,22,2014,15
Far Rockaway,23,2014,30
Far Rockaway,0,2015,19
Far Rockaway,1,2015,16
Far Rockaway,2,2015,1
Far Rockaway,3,2015,11
Far Rockaway,4,2015,4
Far Rockaway,5,2015,25
Far Rockaway,6,2015,24
Far Rockaway,7,2015,104
Far Rockaway,8,2015,183
Far Rockaway,9,2015,17
Far Rockaway,10,2015,12
Far Rockaway,11,2015,16
Far Rockaway,12,2015,32
Far Rockaway,13,2015,20
Far Rockaway,14,2015,24
Far Rockaway,15,2015,33
Far Rockaway,16,2015,61
Far Rockaway,17,2015,143
Far Rockaway,18,2015,85
Far Rockaway,19,2015,61
Far Rockaway,20,2015,10
Far Rockaway,21,2015,24
Far Rockaway,22,2015,33
Far Rockaway,23,2015,31
Far Rockaway,0,2016,17
Far Rockaway,1,2016,7
Far Rockaway,2,2016,
Far Rockaway,3,2016,8
Far Rockaway,4,2016,3
Far Rockaway,5,2016,24
Far Rockaway,6,2016,11
Far Rockaway,7,2016,61
Far Rockaway,8,2016,127
Far Rockaway,9,2016,9
Far Rockaway,10,2016,12
Far Rockaway,11,2016,22
Far Rockaway,12,2016,34
Far Rockaway,13,2016,23
Far Rockaway,14,2016,42
Far Rockaway,15,2016,20
Far Rockaway,16,2016,58
Far Rockaway,17,2016,96
Far Rockaway,18,2016,79
Far Rockaway,19,2016,36
Far Rockaway,20,2016,6
Far Rockaway,21,2016,13
Far Rockaway,22,2016,23
Far Rockaway,23,2016,22
Far Rockaway,0,2017,16
Far Rockaway,1,2017,8
Far Rockaway,2,2017,
Far Rockaway,3,2017,10
Far Rockaway,4,2017,6
Far Rockaway,5,2017,15
Far Rockaway,6,2017,27
Far Rockaway,7,2017,79
Far Rockaway,8,2017,151
Far Rockaway,9,2017,13
Far Rockaway,10,2017,13
Far Rockaway,11,2017,17
Far Rockaway,12,2017,25
Far Rockaway,13,2017,17
Far Rockaway,14,2017,49
Far Rockaway,15,2017,35
Far Rockaway,16,2017,107
Far Rockaway,17,2017,136
Far Rockaway,18,2017,82
Far Rockaway,19,2017,60
Far Rockaway,20,2017,6
Far Rockaway,21,2017,13
Far Rockaway,22,2017,27
Far Rockaway,23,2017,17
Far Rockaway,0,2018,9
Far Rockaway,1,2018,4
Far Rockaway,2,2018,3
Far Rockaway,3,2018,5
Far Rockaway,4,2018,3
Far Rockaway,5,2018,22
Far Rockaway,6,2018,33
Far Rockaway,7,2018,61
Far Rockaway,8,2018,84
Far Rockaway,9,2018,10
Far Rockaway,10,2018,17
Far Rockaway,11,2018,10
Far Rockaway,12,2018,16
Far Rockaway,13,2018,19
Far Rockaway,14,2018,33
Far Rockaway,15,2018,29
Far Rockaway,16,2018,58
Far Rockaway,17,2018,67
Far Rockaway,18,2018,39
Far Rockaway,19,2018,28
Far Rockaway,20,2018,5
Far Rockaway,21,2018,13
Far Rockaway,22,2018,24
Far Rockaway,23,2018,23
Hempstead,0,2010,7
Hempstead,1,2010,15
Hempstead,2,2010,5
Hempstead,3,2010,4
Hempstead,4,2010,6
Hempstead,5,2010,7
Hempstead,6,2010,17
Hempstead,7,2010,32
Hempstead,8,2010,21
Hempstead,9,2010,9
Hempstead,10,2010,12
Hempstead,11,2010,20
Hempstead,12,2010,13
Hempstead,13,2010,26
Hempstead,14,2010,22
Hempstead,15,2010,22
Hempstead,16,2010,33
Hempstead,17,2010,67
Hempstead,18,2010,39
Hempstead,19,2010,32
Hempstead,20,2010,14
Hempstead,21,2010,16
Hempstead,22,2010,11
Hempstead,23,2010,11
Hempstead,0,2011,6
Hempstead,1,2011,29
Hempstead,2,2011,11
Hempstead,3,2011,3
Hempstead,4,2011,7
Hempstead,5,2011,19
Hempstead,6,2011,65
Hempstead,7,2011,51
Hempstead,8,2011,43
Hempstead,9,2011,25
Hempstead,10,2011,21
Hempstead,11,2011,12
Hempstead,12,2011,15
Hempstead,13,2011,22
Hempstead,14,2011,14
Hempstead,15,2011,23
Hempstead,16,2011,28
Hempstead,17,2011,96
Hempstead,18,2011,58
Hempstead,19,2011,49
Hempstead,20,2011,21
Hempstead,21,2011,26
Hempstead,22,2011,17
Hempstead,23,2011,17
Hempstead,0,2012,3
Hempstead,1,2012,20
Hempstead,2,2012,15
Hempstead,3,2012,1
Hempstead,4,2012,11
Hempstead,5,2012,15
Hempstead,6,2012,49
Hempstead,7,2012,46
Hempstead,8,2012,40
Hempstead,9,2012,20
Hempstead,10,2012,17
Hempstead,11,2012,10
Hempstead,12,2012,20
Hempstead,13,2012,15
Hempstead,14,2012,13
Hempstead,15,2012,11
Hempstead,16,2012,20
Hempstead,17,2012,71
Hempstead,18,2012,48
Hempstead,19,2012,58
Hempstead,20,2012,22
Hempstead,21,2012,21
Hempstead,22,2012,30
Hempstead,23,2012,15
Hempstead,0,2013,29
Hempstead,1,2013,35
Hempstead,2,2013,1
Hempstead,3,2013,2
Hempstead,4,2013,6
Hempstead,5,2013,18
Hempstead,6,2013,59
Hempstead,7,2013,61
Hempstead,8,2013,66
Hempstead,9,2013,37
Hempstead,10,2013,11
Hempstead,11,2013,25
Hempstead,12,2013,18
Hempstead,13,2013,20
Hempstead,14,2013,13
Hempstead,15,2013,17
Hempstead,16,2013,72
Hempstead,17,2013,83
Hempstead,18,2013,65
Hempstead,19,2013,35
Hempstead,20,2013,26
Hempstead,21,2013,22
Hempstead,22,2013,8
Hempstead,23,2013,16
Hempstead,0,2014,27
Hempstead,1,2014,59
Hempstead,2,2014,
Hempstead,3,2014,5
Hempstead,4,2014,10
Hempstead,5,2014,19
Hempstead,6,2014,51
Hempstead,7,2014,57
Hempstead,8,2014,67
Hempstead,9,2014,21
Hempstead,10,2014,11
Hempstead,11,2014,16
Hempstead,12,2014,33
Hempstead,13,2014,35
Hempstead,14,2014,31
Hempstead,15,2014,37
Hempstead,16,2014,114
Hempstead,17,2014,178
Hempstead,18,2014,104
Hempstead,19,2014,51
Hempstead,20,2014,41
Hempstead,21,2014,30
Hempstead,22,2014,21
Hempstead,23,2014,15
Hempstead,0,2015,24
Hempstead,1,2015,31
Hempstead,2,2015,
Hempstead,3,2015,4
Hempstead,4,2015,4
Hempstead,5,2015,19
Hempstead,6,2015,82
Hempstead,7,2015,59
Hempstead,8,2015,67
Hempstead,9,2015,35
Hempstead,10,2015,25
Hempstead,11,2015,25
Hempstead,12,2015,36
Hempstead,13,2015,42
Hempstead,14,2015,24
Hempstead,15,2015,27
Hempstead,16,2015,102
Hempstead,17,2015,184
Hempstead,18,2015,104
Hempstead,19,2015,73
Hempstead,20,2015,37
Hempstead,21,2015,41
Hempstead,22,2015,21
Hempstead,23,2015,33
Hempstead,0,2016,32
Hempstead,1,2016,39
Hempstead,2,2016,
Hempstead,3,2016,9
Hempstead,4,2016,3
Hempstead,5,2016,25
Hempstead,6,2016,45
Hempstead,7,2016,37
Hempstead,8,2016,49
Hempstead,9,2016,25
Hempstead,10,2016,22
Hempstead,11,2016,24
Hempstead,12,2016,31
Hempstead,13,2016,23
Hempstead,14,2016,26
Hempstead,15,2016,42
Hempstead,16,2016,86
Hempstead,17,2016,137
Hempstead,18,2016,80
Hempstead,19,2016,46
Hempstead,20,2016,28
Hempstead,21,2016,28
Hempstead,22,2016,15
Hempstead,23,2016,19
Hempstead,0,2017,29
Hempstead,1,2017,36
Hempstead,2,2017,
Hempstead,3,2017,18
Hempstead,4,2017,6
Hempstead,5,2017,31
Hempstead,6,2017,66
Hempstead,7,2017,53
Hempstead,8,2017,69
Hempstead,9,2017,22
Hempstead,10,2017,27
Hempstead,11,2017,23
Hempstead,12,2017,39
Hempstead,13,2017,45
Hempstead,14,2017,29
Hempstead,15,2017,55
Hempstead,16,2017,163
Hempstead,17,2017,193
Hempstead,18,2017,129
Hempstead,19,2017,74
Hempstead,20,2017,71
Hempstead,21,2017,41
Hempstead,22,2017,27
Hempstead,23,2017,29
Hempstead,0,2018,18
Hempstead,1,2018,20
Hempstead,2,2018,
Hempstead,3,2018,3
Hempstead,4,2018,1
Hempstead,5,2018,26
Hempstead,6,2018,51
Hempstead,7,2018,51
Hempstead,8,2018,65
Hempstead,9,2018,23
Hempstead,10,2018,28
Hempstead,11,2018,22
Hempstead,12,2018,40
Hempstead,13,2018,47
Hempstead,14,2018,38
Hempstead,15,2018,47
Hempstead,16,2018,88
Hempstead,17,2018,90
Hempstead,18,2018,66
Hempstead,19,2018,45
Hempstead,20,2018,41
Hempstead,21,2018,22
Hempstead,22,2018,19
Hempstead,23,2018,24
Hunt. Hicks.,0,2010,6
Hunt. Hicks.,1,2010,16
Hunt. Hicks.,2,2010,1
Hunt. Hicks.,3,2010,5
Hunt. Hicks.,4,2010,9
Hunt. Hicks.,5,2010,40
Hunt. Hicks.,6,2010,30
Hunt. Hicks.,7,2010,65
Hunt. Hicks.,8,2010,103
Hunt. Hicks.,9,2010,12
Hunt. Hicks.,10,2010,21
Hunt. Hicks.,11,2010,43
Hunt. Hicks.,12,2010,34
Hunt. Hicks.,13,2010,44
Hunt. Hicks.,14,2010,76
Hunt. Hicks.,15,2010,65
Hunt. Hicks.,16,2010,91
Hunt. Hicks.,17,2010,181
Hunt. Hicks.,18,2010,142
Hunt. Hicks.,19,2010,80
Hunt. Hicks.,20,2010,61
Hunt. Hicks.,21,2010,41
Hunt. Hicks.,22,2010,25
Hunt. Hicks.,23,2010,29
Hunt. Hicks.,0,2011,23
Hunt. Hicks.,1,2011,24
Hunt. Hicks.,2,2011,3
Hunt. Hicks.,3,2011,15
Hunt. Hicks.,4,2011,12
Hunt. Hicks.,5,2011,78
Hunt. Hicks.,6,2011,102
Hunt. Hicks.,7,2011,117
Hunt. Hicks.,8,2011,154
Hunt. Hicks.,9,2011,33
Hunt. Hicks.,10,2011,58
Hunt. Hicks.,11,2011,58
Hunt. Hicks.,12,2011,51
Hunt. Hicks.,13,2011,42
Hunt. Hicks.,14,2011,101
Hunt. Hicks.,15,2011,102
Hunt. Hicks.,16,2011,92
Hunt. Hicks.,17,2011,323
Hunt. Hicks.,18,2011,271
Hunt. Hicks.,19,2011,171
Hunt. Hicks.,20,2011,94
Hunt. Hicks.,21,2011,71
Hunt. Hicks.,22,2011,44
Hunt. Hicks.,23,2011,50
Hunt. Hicks.,0,2012,13
Hunt. Hicks.,1,2012,17
Hunt. Hicks.,2,2012,6
Hunt. Hicks.,3,2012,11
Hunt. Hicks.,4,2012,8
Hunt. Hicks.,5,2012,66
Hunt. Hicks.,6,2012,85
Hunt. Hicks.,7,2012,121
Hunt. Hicks.,8,2012,137
Hunt. Hicks.,9,2012,26
Hunt. Hicks.,10,2012,43
Hunt. Hicks.,11,2012,65
Hunt. Hicks.,12,2012,37
Hunt. Hicks.,13,2012,42
Hunt. Hicks.,14,2012,83
Hunt. Hicks.,15,2012,70
Hunt. Hicks.,16,2012,117
Hunt. Hicks.,17,2012,286
Hunt. Hicks.,18,2012,185
Hunt. Hicks.,19,2012,126
Hunt. Hicks.,20,2012,101
Hunt. Hicks.,21,2012,53
Hunt. Hicks.,22,2012,47
Hunt. Hicks.,23,2012,57
Hunt. Hicks.,0,2013,12
Hunt. Hicks.,1,2013,21
Hunt. Hicks.,2,2013,4
Hunt. Hicks.,3,2013,14
Hunt. Hicks.,4,2013,7
Hunt. Hicks.,5,2013,72
Hunt. Hicks.,6,2013,102
Hunt. Hicks.,7,2013,170
Hunt. Hicks.,8,2013,187
Hunt. Hicks.,9,2013,56
Hunt. Hicks.,10,2013,48
Hunt. Hicks.,11,2013,75
Hunt. Hicks.,12,2013,36
Hunt. Hicks.,13,2013,36
Hunt. Hicks.,14,2013,108
Hunt. Hicks.,15,2013,115
Hunt. Hicks.,16,2013,92
Hunt. Hicks.,17,2013,303
Hunt. Hicks.,18,2013,226
Hunt. Hicks.,19,2013,94
Hunt. Hicks.,20,2013,85
Hunt. Hicks.,21,2013,85
Hunt. Hicks.,22,2013,68
Hunt. Hicks.,23,2013,78
Hunt. Hicks.,0,2014,14
Hunt. Hicks.,1,2014,32
Hunt. Hicks.,2,2014,7
Hunt. Hicks.,3,2014,18
Hunt. Hicks.,4,2014,17
Hunt. Hicks.,5,2014,87
Hunt. Hicks.,6,2014,82
Hunt. Hicks.,7,2014,186
Hunt. Hicks.,8,2014,283
Hunt. Hicks.,9,2014,43
Hunt. Hicks.,10,2014,62
Hunt. Hicks.,11,2014,82
Hunt. Hicks.,12,2014,70
Hunt. Hicks.,13,2014,77
Hunt. Hicks.,14,2014,132
Hunt. Hicks.,15,2014,134
Hunt. Hicks.,16,2014,205
Hunt. Hicks.,17,2014,474
Hunt. Hicks.,18,2014,317
Hunt. Hicks.,19,2014,157
Hunt. Hicks.,20,2014,151
Hunt. Hicks.,21,2014,121
Hunt. Hicks.,22,2014,98
Hunt. Hicks.,23,2014,141
Hunt. Hicks.,0,2015,38
Hunt. Hicks.,1,2015,55
Hunt. Hicks.,2,2015,5
Hunt. Hicks.,3,2015,24
Hunt. Hicks.,4,2015,12
Hunt. Hicks.,5,2015,119
Hunt. Hicks.,6,2015,145
Hunt. Hicks.,7,2015,222
Hunt. Hicks.,8,2015,253
Hunt. Hicks.,9,2015,75
Hunt. Hicks.,10,2015,98
Hunt. Hicks.,11,2015,120
Hunt. Hicks.,12,2015,123
Hunt. Hicks.,13,2015,141
Hunt. Hicks.,14,2015,159
Hunt. Hicks.,15,2015,156
Hunt. Hicks.,16,2015,161
Hunt. Hicks.,17,2015,437
Hunt. Hicks.,18,2015,324
Hunt. Hicks.,19,2015,154
Hunt. Hicks.,20,2015,119
Hunt. Hicks.,21,2015,131
Hunt. Hicks.,22,2015,92
Hunt. Hicks.,23,2015,123
Hunt. Hicks.,0,2016,20
Hunt. Hicks.,1,2016,53
Hunt. Hicks.,2,2016,4
Hunt. Hicks.,3,2016,30
Hunt. Hicks.,4,2016,10
Hunt. Hicks.,5,2016,100
Hunt. Hicks.,6,2016,93
Hunt. Hicks.,7,2016,149
Hunt. Hicks.,8,2016,211
Hunt. Hicks.,9,2016,82
Hunt. Hicks.,10,2016,95
Hunt. Hicks.,11,2016,78
Hunt. Hicks.,12,2016,76
Hunt. Hicks.,13,2016,75
Hunt. Hicks.,14,2016,120
Hunt. Hicks.,15,2016,104
Hunt. Hicks.,16,2016,158
Hunt. Hicks.,17,2016,268
Hunt. Hicks.,18,2016,224
Hunt. Hicks.,19,2016,118
Hunt. Hicks.,20,2016,133
Hunt. Hicks.,21,2016,117
Hunt. Hicks.,22,2016,102
Hunt. Hicks.,23,2016,115
Hunt. Hicks.,0,2017,26
Hunt. Hicks.,1,2017,45
Hunt. Hicks.,2,2017,6
Hunt. Hicks.,3,2017,30
Hunt. Hicks.,4,2017,4
Hunt. Hicks.,5,2017,84
Hunt. Hicks.,6,2017,122
Hunt. Hicks.,7,2017,147
Hunt. Hicks.,8,2017,208
Hunt. Hicks.,9,2017,32
Hunt. Hicks.,10,2017,59
Hunt. Hicks.,11,2017,68
Hunt. Hicks.,12,2017,72
Hunt. Hicks.,13,2017,75
Hunt. Hicks.,14,2017,106
Hunt. Hicks.,15,2017,129
Hunt. Hicks.,16,2017,192
Hunt. Hicks.,17,2017,398
Hunt. Hicks.,18,2017,302
Hunt. Hicks.,19,2017,166
Hunt. Hicks.,20,2017,103
Hunt. Hicks.,21,2017,136
Hunt. Hicks.,22,2017,100
Hunt. Hicks.,23,2017,103
Hunt. Hicks.,0,2018,16
Hunt. Hicks.,1,2018,22
Hunt. Hicks.,2,2018,9
Hunt. Hicks.,3,2018,11
Hunt. Hicks.,4,2018,
Hunt. Hicks.,5,2018,55
Hunt. Hicks.,6,2018,95
Hunt. Hicks.,7,2018,104
Hunt. Hicks.,8,2018,103
Hunt. Hicks.,9,2018,20
Hunt. Hicks.,10,2018,19
Hunt. Hicks.,11,2018,42
Hunt. Hicks.,12,2018,37
Hunt. Hicks.,13,2018,37
Hunt. Hicks.,14,2018,57
Hunt. Hicks.,15,2018,92
Hunt. Hicks.,16,2018,70
Hunt. Hicks.,17,2018,146
Hunt. Hicks.,18,2018,151
Hunt. Hicks.,19,2018,87
Hunt. Hicks.,20,2018,69
Hunt. Hicks.,21,2018,77
Hunt. Hicks.,22,2018,45
Hunt. Hicks.,23,2018,76
Long Beach,0,2010,7
Long Beach,1,2010,5
Long Beach,2,2010,
Long Beach,3,2010,15
Long Beach,4,2010,
Long Beach,5,2010,4
Long Beach,6,2010,15
Long Beach,7,2010,39
Long Beach,8,2010,55
Long Beach,9,2010,19
Long Beach,10,2010,19
Long Beach,11,2010,21
Long Beach,12,2010,6
Long Beach,13,2010,18
Long Beach,14,2010,15
Long Beach,15,2010,23
Long Beach,16,2010,45
Long Beach,17,2010,68
Long Beach,18,2010,40
Long Beach,19,2010,34
Long Beach,20,2010,31
Long Beach,21,2010,12
Long Beach,22,2010,6
Long Beach,23,2010,6
Long Beach,0,2011,17
Long Beach,1,2011,6
Long Beach,2,2011,
Long Beach,3,2011,15
Long Beach,4,2011,
Long Beach,5,2011,12
Long Beach,6,2011,40
Long Beach,7,2011,95
Long Beach,8,2011,73
Long Beach,9,2011,34
Long Beach,10,2011,29
Long Beach,11,2011,40
Long Beach,12,2011,24
Long Beach,13,2011,21
Long Beach,14,2011,25
Long Beach,15,2011,33
Long Beach,16,2011,78
Long Beach,17,2011,114
Long Beach,18,2011,60
Long Beach,19,2011,49
Long Beach,20,2011,38
Long Beach,21,2011,35
Long Beach,22,2011,23
Long Beach,23,2011,18
Long Beach,0,2012,11
Long Beach,1,2012,3
Long Beach,2,2012,
Long Beach,3,2012,9
Long Beach,4,2012,5
Long Beach,5,2012,14
Long Beach,6,2012,31
Long Beach,7,2012,67
Long Beach,8,2012,54
Long Beach,9,2012,34
Long Beach,10,2012,14
Long Beach,11,2012,29
Long Beach,12,2012,25
Long Beach,13,2012,13
Long Beach,14,2012,12
Long Beach,15,2012,28
Long Beach,16,2012,56
Long Beach,17,2012,104
Long Beach,18,2012,61
Long Beach,19,2012,44
Long Beach,20,2012,46
Long Beach,21,2012,28
Long Beach,22,2012,16
Long Beach,23,2012,17
Long Beach,0,2013,5
Long Beach,1,2013,2
Long Beach,2,2013,
Long Beach,3,2013,11
Long Beach,4,2013,2
Long Beach,5,2013,13
Long Beach,6,2013,38
Long Beach,7,2013,135
Long Beach,8,2013,110
Long Beach,9,2013,70
Long Beach,10,2013,35
Long Beach,11,2013,45
Long Beach,12,2013,43
Long Beach,13,2013,23
Long Beach,14,2013,35
Long Beach,15,2013,37
Long Beach,16,2013,82
Long Beach,17,2013,123
Long Beach,18,2013,70
Long Beach,19,2013,42
Long Beach,20,2013,36
Long Beach,21,2013,18
Long Beach,22,2013,14
Long Beach,23,2013,8
Long Beach,0,2014,9
Long Beach,1,2014,12
Long Beach,2,2014,
Long Beach,3,2014,18
Long Beach,4,2014,5
Long Beach,5,2014,15
Long Beach,6,2014,38
Long Beach,7,2014,120
Long Beach,8,2014,164
Long Beach,9,2014,39
Long Beach,10,2014,61
Long Beach,11,2014,39
Long Beach,12,2014,49
Long Beach,13,2014,27
Long Beach,14,2014,35
Long Beach,15,2014,56
Long Beach,16,2014,189
Long Beach,17,2014,214
Long Beach,18,2014,104
Long Beach,19,2014,70
Long Beach,20,2014,33
Long Beach,21,2014,45
Long Beach,22,2014,17
Long Beach,23,2014,26
Long Beach,0,2015,21
Long Beach,1,2015,8
Long Beach,2,2015,
Long Beach,3,2015,18
Long Beach,4,2015,2
Long Beach,5,2015,25
Long Beach,6,2015,67
Long Beach,7,2015,180
Long Beach,8,2015,148
Long Beach,9,2015,28
Long Beach,10,2015,66
Long Beach,11,2015,50
Long Beach,12,2015,40
Long Beach,13,2015,24
Long Beach,14,2015,40
Long Beach,15,2015,62
Long Beach,16,2015,128
Long Beach,17,2015,281
Long Beach,18,2015,98
Long Beach,19,2015,52
Long Beach,20,2015,38
Long Beach,21,2015,57
Long Beach,22,2015,18
Long Beach,23,2015,29
Long Beach,0,2016,9
Long Beach,1,2016,9
Long Beach,2,2016,
Long Beach,3,2016,23
Long Beach,4,2016,2
Long Beach,5,2016,9
Long Beach,6,2016,47
Long Beach,7,2016,99
Long Beach,8,2016,95
Long Beach,9,2016,28
Long Beach,10,2016,50
Long Beach,11,2016,25
Long Beach,12,2016,23
Long Beach,13,2016,11
Long Beach,14,2016,54
Long Beach,15,2016,47
Long Beach,16,2016,128
Long Beach,17,2016,186
Long Beach,18,2016,74
Long Beach,19,2016,61
Long Beach,20,2016,27
Long Beach,21,2016,42
Long Beach,22,2016,30
Long Beach,23,2016,25
Long Beach,0,2017,10
Long Beach,1,2017,6
Long Beach,2,2017,
Long Beach,3,2017,21
Long Beach,4,2017,4
Long Beach,5,2017,19
Long Beach,6,2017,58
Long Beach,7,2017,123
Long Beach,8,2017,126
Long Beach,9,2017,25
Long Beach,10,2017,53
Long Beach,11,2017,27
Long Beach,12,2017,26
Long Beach,13,2017,26
Long Beach,14,2017,48
Long Beach,15,2017,62
Long Beach,16,2017,209
Long Beach,17,2017,248
Long Beach,18,2017,123
Long Beach,19,2017,66
Long Beach,20,2017,25
Long Beach,21,2017,58
Long Beach,22,2017,17
Long Beach,23,2017,17
Long Beach,0,2018,4
Long Beach,1,2018,5
Long Beach,2,2018,
Long Beach,3,2018,15
Long Beach,4,2018,1
Long Beach,5,2018,11
Long Beach,6,2018,67
Long Beach,7,2018,87
Long Beach,8,2018,98
Long Beach,9,2018,8
Long Beach,10,2018,15
Long Beach,11,2018,16
Long Beach,12,2018,21
Long Beach,13,2018,15
Long Beach,14,2018,28
Long Beach,15,2018,37
Long Beach,16,2018,102
Long Beach,17,2018,96
Long Beach,18,2018,58
Long Beach,19,2018,29
Long Beach,20,2018,26
Long Beach,21,2018,31
Long Beach,22,2018,13
Long Beach,23,2018,16
Montauk,0,2010,
Montauk,1,2010,39
Montauk,2,2010,
Montauk,3,2010,
Montauk,4,2010,4
Montauk,5,2010,42
Montauk,6,2010,28
Montauk,7,2010,23
Montauk,8,2010,50
Montauk,9,2010,26
Montauk,10,2010,27
Montauk,11,2010,45
Montauk,12,2010,28
Montauk,13,2010,30
Montauk,14,2010,78
Montauk,15,2010,29
Montauk,16,2010,91
Montauk,17,2010,106
Montauk,18,2010,53
Montauk,19,2010,84
Montauk,20,2010,21
Montauk,21,2010,54
Montauk,22,2010,25
Montauk,23,2010,30
Montauk,0,2011,1
Montauk,1,2011,68
Montauk,2,2011,
Montauk,3,2011,
Montauk,4,2011,16
Montauk,5,2011,87
Montauk,6,2011,68
Montauk,7,2011,79
Montauk,8,2011,86
Montauk,9,2011,63
Montauk,10,2011,48
Montauk,11,2011,89
Montauk,12,2011,51
Montauk,13,2011,38
Montauk,14,2011,83
Montauk,15,2011,92
Montauk,16,2011,127
Montauk,17,2011,138
Montauk,18,2011,108
Montauk,19,2011,155
Montauk,20,2011,43
Montauk,21,2011,78
Montauk,22,2011,59
Montauk,23,2011,30
Montauk,0,2012,
Montauk,1,2012,28
Montauk,2,2012,
Montauk,3,2012,
Montauk,4,2012,6
Montauk,5,2012,61
Montauk,6,2012,56
Montauk,7,2012,53
Montauk,8,2012,61
Montauk,9,2012,38
Montauk,10,2012,48
Montauk,11,2012,89
Montauk,12,2012,72
Montauk,13,2012,36
Montauk,14,2012,75
Montauk,15,2012,65
Montauk,16,2012,134
Montauk,17,2012,151
Montauk,18,2012,135
Montauk,19,2012,110
Montauk,20,2012,32
Montauk,21,2012,67
Montauk,22,2012,50
Montauk,23,2012,19
Montauk,0,2013,13
Montauk,1,2013,32
Montauk,2,2013,
Montauk,3,2013,
Montauk,4,2013,6
Montauk,5,2013,74
Montauk,6,2013,82
Montauk,7,2013,60
Montauk,8,2013,70
Montauk,9,2013,28
Montauk,10,2013,85
Montauk,11,2013,97
Montauk,12,2013,60
Montauk,13,2013,43
Montauk,14,2013,95
Montauk,15,2013,76
Montauk,16,2013,124
Montauk,17,2013,116
Montauk,18,2013,98
Montauk,19,2013,125
Montauk,20,2013,40
Montauk,21,2013,84
Montauk,22,2013,56
Montauk,23,2013,48
Montauk,0,2014,10
Montauk,1,2014,40
Montauk,2,2014,
Montauk,3,2014,
Montauk,4,2014,4
Montauk,5,2014,113
Montauk,6,2014,56
Montauk,7,2014,73
Montauk,8,2014,75
Montauk,9,2014,34
Montauk,10,2014,77
Montauk,11,2014,77
Montauk,12,2014,51
Montauk,13,2014,40
Montauk,14,2014,131
Montauk,15,2014,80
Montauk,16,2014,195
Montauk,17,2014,127
Montauk,18,2014,122
Montauk,19,2014,189
Montauk,20,2014,30
Montauk,21,2014,59
Montauk,22,2014,64
Montauk,23,2014,60
Montauk,0,2015,13
Montauk,1,2015,46
Montauk,2,2015,
Montauk,3,2015,
Montauk,4,2015,9
Montauk,5,2015,117
Montauk,6,2015,55
Montauk,7,2015,108
Montauk,8,2015,93
Montauk,9,2015,34
Montauk,10,2015,63
Montauk,11,2015,108
Montauk,12,2015,56
Montauk,13,2015,63
Montauk,14,2015,101
Montauk,15,2015,85
Montauk,16,2015,176
Montauk,17,2015,113
Montauk,18,2015,105
Montauk,19,2015,154
Montauk,20,2015,36
Montauk,21,2015,51
Montauk,22,2015,43
Montauk,23,2015,57
Montauk,0,2016,23
Montauk,1,2016,48
Montauk,2,2016,1
Montauk,3,2016,1
Montauk,4,2016,7
Montauk,5,2016,158
Montauk,6,2016,48
Montauk,7,2016,90
Montauk,8,2016,100
Montauk,9,2016,41
Montauk,10,2016,55
Montauk,11,2016,142
Montauk,12,2016,80
Montauk,13,2016,49
Montauk,14,2016,126
Montauk,15,2016,80
Montauk,16,2016,118
Montauk,17,2016,81
Montauk,18,2016,74
Montauk,19,2016,132
Montauk,20,2016,34
Montauk,21,2016,52
Montauk,22,2016,45
Montauk,23,2016,70
Montauk,0,2017,20
Montauk,1,2017,110
Montauk,2,2017,
Montauk,3,2017,
Montauk,4,2017,12
Montauk,5,2017,118
Montauk,6,2017,50
Montauk,7,2017,133
Montauk,8,2017,98
Montauk,9,2017,31
Montauk,10,2017,92
Montauk,11,2017,158
Montauk,12,2017,76
Montauk,13,2017,44
Montauk,14,2017,94
Montauk,15,2017,100
Montauk,16,2017,185
Montauk,17,2017,111
Montauk,18,2017,88
Montauk,19,2017,157
Montauk,20,2017,47
Montauk,21,2017,106
Montauk,22,2017,62
Montauk,23,2017,75
Montauk,0,2018,11
Montauk,1,2018,49
Montauk,2,2018,
Montauk,3,2018,2
Montauk,4,2018,4
Montauk,5,2018,46
Montauk,6,2018,34
Montauk,7,2018,59
Montauk,8,2018,56
Montauk,9,2018,27
Montauk,10,2018,24
Montauk,11,2018,58
Montauk,12,2018,25
Montauk,13,2018,16
Montauk,14,2018,44
Montauk,15,2018,40
Montauk,16,2018,79
Montauk,17,2018,54
Montauk,18,2018,67
Montauk,19,2018,45
Montauk,20,2018,29
Montauk,21,2018,30
Montauk,22,2018,28
Montauk,23,2018,35
Oyster Bay,0,2010,
Oyster Bay,1,2010,10
Oyster Bay,2,2010,
Oyster Bay,3,2010,
Oyster Bay,4,2010,
Oyster Bay,5,2010,12
Oyster Bay,6,2010,5
Oyster Bay,7,2010,24
Oyster Bay,8,2010,42
Oyster Bay,9,2010,17
Oyster Bay,10,2010,19
Oyster Bay,11,2010,9
Oyster Bay,12,2010,24
Oyster Bay,13,2010,20
Oyster Bay,14,2010,21
Oyster Bay,15,2010,23
Oyster Bay,16,2010,48
Oyster Bay,17,2010,19
Oyster Bay,18,2010,58
Oyster Bay,19,2010,4
Oyster Bay,20,2010,14
Oyster Bay,21,2010,35
Oyster Bay,22,2010,18
Oyster Bay,23,2010,24
Oyster Bay,0,2011,
Oyster Bay,1,2011,19
Oyster Bay,2,2011,
Oyster Bay,3,2011,
Oyster Bay,4,2011,
Oyster Bay,5,2011,32
Oyster Bay,6,2011,29
Oyster Bay,7,2011,49
Oyster Bay,8,2011,64
Oyster Bay,9,2011,40
Oyster Bay,10,2011,18
Oyster Bay,11,2011,11
Oyster Bay,12,2011,25
Oyster Bay,13,2011,21
Oyster Bay,14,2011,41
Oyster Bay,15,2011,19
Oyster Bay,16,2011,71
Oyster Bay,17,2011,19
Oyster Bay,18,2011,127
Oyster Bay,19,2011,1
Oyster Bay,20,2011,18
Oyster Bay,21,2011,35
Oyster Bay,22,2011,24
Oyster Bay,23,2011,17
Oyster Bay,0,2012,
Oyster Bay,1,2012,9
Oyster Bay,2,2012,
Oyster Bay,3,2012,
Oyster Bay,4,2012,
Oyster Bay,5,2012,19
Oyster Bay,6,2012,14
Oyster Bay,7,2012,35
Oyster Bay,8,2012,63
Oyster Bay,9,2012,26
Oyster Bay,10,2012,22
Oyster Bay,11,2012,10
Oyster Bay,12,2012,20
Oyster Bay,13,2012,14
Oyster Bay,14,2012,15
Oyster Bay,15,2012,16
Oyster Bay,16,2012,77
Oyster Bay,17,2012,23
Oyster Bay,18,2012,79
Oyster Bay,19,2012,4
Oyster Bay,20,2012,31
Oyster Bay,21,2012,68
Oyster Bay,22,2012,20
Oyster Bay,23,2012,25
Oyster Bay,0,2013,
Oyster Bay,1,2013,11
Oyster Bay,2,2013,
Oyster Bay,3,2013,
Oyster Bay,4,2013,
Oyster Bay,5,2013,16
Oyster Bay,6,2013,20
Oyster Bay,7,2013,70
Oyster Bay,8,2013,66
Oyster Bay,9,2013,34
Oyster Bay,10,2013,42
Oyster Bay,11,2013,18
Oyster Bay,12,2013,27
Oyster Bay,13,2013,26
Oyster Bay,14,2013,15
Oyster Bay,15,2013,35
Oyster Bay,16,2013,85
Oyster Bay,17,2013,19
Oyster Bay,18,2013,153
Oyster Bay,19,2013,5
Oyster Bay,20,2013,35
Oyster Bay,21,2013,53
Oyster Bay,22,2013,29
Oyster Bay,23,2013,41
Oyster Bay,0,2014,
Oyster Bay,1,2014,16
Oyster Bay,2,2014,
Oyster Bay,3,2014,
Oyster Bay,4,2014,
Oyster Bay,5,2014,20
Oyster Bay,6,2014,30
Oyster Bay,7,2014,74
Oyster Bay,8,2014,59
Oyster Bay,9,2014,38
Oyster Bay,10,2014,26
Oyster Bay,11,2014,13
Oyster Bay,12,2014,32
Oyster Bay,13,2014,26
Oyster Bay,14,2014,10
Oyster Bay,15,2014,33
Oyster Bay,16,2014,111
Oyster Bay,17,2014,19
Oyster Bay,18,2014,186
Oyster Bay,19,2014,4
Oyster Bay,20,2014,31
Oyster Bay,21,2014,43
Oyster Bay,22,2014,23
Oyster Bay,23,2014,35
Oyster Bay,0,2015,
Oyster Bay,1,2015,10
Oyster Bay,2,2015,1
Oyster Bay,3,2015,
Oyster Bay,4,2015,
Oyster Bay,5,2015,35
Oyster Bay,6,2015,21
Oyster Bay,7,2015,70
Oyster Bay,8,2015,73
Oyster Bay,9,2015,43
Oyster Bay,10,2015,13
Oyster Bay,11,2015,17
Oyster Bay,12,2015,39
Oyster Bay,13,2015,40
Oyster Bay,14,2015,9
Oyster Bay,15,2015,41
Oyster Bay,16,2015,145
Oyster Bay,17,2015,27
Oyster Bay,18,2015,180
Oyster Bay,19,2015,5
Oyster Bay,20,2015,33
Oyster Bay,21,2015,40
Oyster Bay,22,2015,29
Oyster Bay,23,2015,37
Oyster Bay,0,2016,2
Oyster Bay,1,2016,19
Oyster Bay,2,2016,
Oyster Bay,3,2016,
Oyster Bay,4,2016,
Oyster Bay,5,2016,21
Oyster Bay,6,2016,17
Oyster Bay,7,2016,76
Oyster Bay,8,2016,76
Oyster Bay,9,2016,28
Oyster Bay,10,2016,31
Oyster Bay,11,2016,20
Oyster Bay,12,2016,37
Oyster Bay,13,2016,33
Oyster Bay,14,2016,27
Oyster Bay,15,2016,45
Oyster Bay,16,2016,128
Oyster Bay,17,2016,22
Oyster Bay,18,2016,157
Oyster Bay,19,2016,11
Oyster Bay,20,2016,32
Oyster Bay,21,2016,40
Oyster Bay,22,2016,23
Oyster Bay,23,2016,29
Oyster Bay,0,2017,
Oyster Bay,1,2017,26
Oyster Bay,2,2017,
Oyster Bay,3,2017,
Oyster Bay,4,2017,
Oyster Bay,5,2017,32
Oyster Bay,6,2017,25
Oyster Bay,7,2017,82
Oyster Bay,8,2017,57
Oyster Bay,9,2017,29
Oyster Bay,10,2017,18
Oyster Bay,11,2017,16
Oyster Bay,12,2017,40
Oyster Bay,13,2017,18
Oyster Bay,14,2017,22
Oyster Bay,15,2017,83
Oyster Bay,16,2017,157
Oyster Bay,17,2017,22
Oyster Bay,18,2017,191
Oyster Bay,19,2017,1
Oyster Bay,20,2017,27
Oyster Bay,21,2017,37
Oyster Bay,22,2017,33
Oyster Bay,23,2017,37
Oyster Bay,0,2018,
Oyster Bay,1,2018,12
Oyster Bay,2,2018,
Oyster Bay,3,2018,
Oyster Bay,4,2018,
Oyster Bay,5,2018,17
Oyster Bay,6,2018,11
Oyster Bay,7,2018,52
Oyster Bay,8,2018,35
Oyster Bay,9,2018,15
Oyster Bay,10,2018,15
Oyster Bay,11,2018,11
Oyster Bay,12,2018,27
Oyster Bay,13,2018,23
Oyster Bay,14,2018,26
Oyster Bay,15,2018,40
Oyster Bay,16,2018,81
Oyster Bay,17,2018,20
Oyster Bay,18,2018,117
Oyster Bay,19,2018,4
Oyster Bay,20,2018,26
Oyster Bay,21,2018,27
Oyster Bay,22,2018,27
Oyster Bay,23,2018,23
Port Jefferson,0,2010,13
Port Jefferson,1,2010,
Port Jefferson,2,2010,24
Port Jefferson,3,2010,
Port Jefferson,4,2010,24
Port Jefferson,5,2010,22
Port Jefferson,6,2010,41
Port Jefferson,7,2010,49
Port Jefferson,8,2010,32
Port Jefferson,9,2010,2
Port Jefferson,10,2010,29
Port Jefferson,11,2010,19
Port Jefferson,12,2010,1
Port Jefferson,13,2010,40
Port Jefferson,14,2010,44
Port Jefferson,15,2010,11
Port Jefferson,16,2010,117
Port Jefferson,17,2010,32
Port Jefferson,18,2010,54
Port Jefferson,19,2010,3
Port Jefferson,20,2010,34
Port Jefferson,21,2010,63
Port Jefferson,22,2010,24
Port Jefferson,23,2010,45
Port Jefferson,0,2011,19
Port Jefferson,1,2011,1
Port Jefferson,2,2011,57
Port Jefferson,3,2011,1
Port Jefferson,4,2011,32
Port Jefferson,5,2011,62
Port Jefferson,6,2011,57
Port Jefferson,7,2011,70
Port Jefferson,8,2011,69
Port Jefferson,9,2011,9
Port Jefferson,10,2011,32
Port Jefferson,11,2011,29
Port Jefferson,12,2011,1
Port Jefferson,13,2011,32
Port Jefferson,14,2011,62
Port Jefferson,15,2011,11
Port Jefferson,16,2011,189
Port Jefferson,17,2011,95
Port Jefferson,18,2011,90
Port Jefferson,19,2011,18
Port Jefferson,20,2011,78
Port Jefferson,21,2011,100
Port Jefferson,22,2011,61
Port Jefferson,23,2011,91
Port Jefferson,0,2012,23
Port Jefferson,1,2012,1
Port Jefferson,2,2012,28
Port Jefferson,3,2012,1
Port Jefferson,4,2012,22
Port Jefferson,5,2012,58
Port Jefferson,6,2012,63
Port Jefferson,7,2012,61
Port Jefferson,8,2012,59
Port Jefferson,9,2012,11
Port Jefferson,10,2012,59
Port Jefferson,11,2012,22
Port Jefferson,12,2012,2
Port Jefferson,13,2012,37
Port Jefferson,14,2012,23
Port Jefferson,15,2012,10
Port Jefferson,16,2012,155
Port Jefferson,17,2012,68
Port Jefferson,18,2012,67
Port Jefferson,19,2012,13
Port Jefferson,20,2012,95
Port Jefferson,21,2012,187
Port Jefferson,22,2012,67
Port Jefferson,23,2012,137
Port Jefferson,0,2013,33
Port Jefferson,1,2013,
Port Jefferson,2,2013,38
Port Jefferson,3,2013,1
Port Jefferson,4,2013,23
Port Jefferson,5,2013,46
Port Jefferson,6,2013,90
Port Jefferson,7,2013,60
Port Jefferson,8,2013,56
Port Jefferson,9,2013,6
Port Jefferson,10,2013,57
Port Jefferson,11,2013,26
Port Jefferson,12,2013,2
Port Jefferson,13,2013,40
Port Jefferson,14,2013,21
Port Jefferson,15,2013,8
Port Jefferson,16,2013,145
Port Jefferson,17,2013,88
Port Jefferson,18,2013,51
Port Jefferson,19,2013,9
Port Jefferson,20,2013,50
Port Jefferson,21,2013,52
Port Jefferson,22,2013,67
Port Jefferson,23,2013,160
Port Jefferson,0,2014,47
Port Jefferson,1,2014,
Port Jefferson,2,2014,75
Port Jefferson,3,2014,1
Port Jefferson,4,2014,42
Port Jefferson,5,2014,55
Port Jefferson,6,2014,127
Port Jefferson,7,2014,93
Port Jefferson,8,2014,116
Port Jefferson,9,2014,10
Port Jefferson,10,2014,67
Port Jefferson,11,2014,44
Port Jefferson,12,2014,1
Port Jefferson,13,2014,36
Port Jefferson,14,2014,93
Port Jefferson,15,2014,18
Port Jefferson,16,2014,196
Port Jefferson,17,2014,129
Port Jefferson,18,2014,66
Port Jefferson,19,2014,12
Port Jefferson,20,2014,87
Port Jefferson,21,2014,75
Port Jefferson,22,2014,80
Port Jefferson,23,2014,174
Port Jefferson,0,2015,39
Port Jefferson,1,2015,
Port Jefferson,2,2015,50
Port Jefferson,3,2015,1
Port Jefferson,4,2015,39
Port Jefferson,5,2015,79
Port Jefferson,6,2015,144
Port Jefferson,7,2015,71
Port Jefferson,8,2015,130
Port Jefferson,9,2015,6
Port Jefferson,10,2015,49
Port Jefferson,11,2015,80
Port Jefferson,12,2015,17
Port Jefferson,13,2015,48
Port Jefferson,14,2015,126
Port Jefferson,15,2015,16
Port Jefferson,16,2015,165
Port Jefferson,17,2015,149
Port Jefferson,18,2015,64
Port Jefferson,19,2015,8
Port Jefferson,20,2015,73
Port Jefferson,21,2015,68
Port Jefferson,22,2015,98
Port Jefferson,23,2015,174
Port Jefferson,0,2016,23
Port Jefferson,1,2016,
Port Jefferson,2,2016,74
Port Jefferson,3,2016,1
Port Jefferson,4,2016,40
Port Jefferson,5,2016,35
Port Jefferson,6,2016,117
Port Jefferson,7,2016,52
Port Jefferson,8,2016,133
Port Jefferson,9,2016,2
Port Jefferson,10,2016,57
Port Jefferson,11,2016,60
Port Jefferson,12,2016,12
Port Jefferson,13,2016,95
Port Jefferson,14,2016,63
Port Jefferson,15,2016,11
Port Jefferson,16,2016,109
Port Jefferson,17,2016,86
Port Jefferson,18,2016,45
Port Jefferson,19,2016,11
Port Jefferson,20,2016,51
Port Jefferson,21,2016,79
Port Jefferson,22,2016,75
Port Jefferson,23,2016,142
Port Jefferson,0,2017,20
Port Jefferson,1,2017,
Port Jefferson,2,2017,69
Port Jefferson,3,2017,
Port Jefferson,4,2017,32
Port Jefferson,5,2017,54
Port Jefferson,6,2017,107
Port Jefferson,7,2017,69
Port Jefferson,8,2017,72
Port Jefferson,9,2017,9
Port Jefferson,10,2017,40
Port Jefferson,11,2017,31
Port Jefferson,12,2017,15
Port Jefferson,13,2017,44
Port Jefferson,14,2017,57
Port Jefferson,15,2017,19
Port Jefferson,16,2017,150
Port Jefferson,17,2017,102
Port Jefferson,18,2017,57
Port Jefferson,19,2017,5
Port Jefferson,20,2017,52
Port Jefferson,21,2017,57
Port Jefferson,22,2017,85
Port Jefferson,23,2017,120
Port Jefferson,0,2018,21
Port Jefferson,1,2018,
Port Jefferson,2,2018,24
Port Jefferson,3,2018,1
Port Jefferson,4,2018,18
Port Jefferson,5,2018,36
Port Jefferson,6,2018,48
Port Jefferson,7,2018,35
Port Jefferson,8,2018,22
Port Jefferson,9,2018,4
Port Jefferson,10,2018,36
Port Jefferson,11,2018,21
Port Jefferson,12,2018,3
Port Jefferson,13,2018,77
Port Jefferson,14,2018,25
Port Jefferson,15,2018,9
Port Jefferson,16,2018,72
Port Jefferson,17,2018,77
Port Jefferson,18,2018,43
Port Jefferson,19,2018,8
Port Jefferson,20,2018,49
Port Jefferson,21,2018,38
Port Jefferson,22,2018,41
Port Jefferson,23,2018,66
Port Washington,0,2010,10
Port Washington,1,2010,5
Port Washington,2,2010,5
Port Washington,3,2010,5
Port Washington,4,2010,
Port Washington,5,2010,17
Port Washington,6,2010,36
Port Washington,7,2010,60
Port Washington,8,2010,94
Port Washington,9,2010,24
Port Washington,10,2010,7
Port Washington,11,2010,9
Port Washington,12,2010,14
Port Washington,13,2010,32
Port Washington,14,2010,18
Port Washington,15,2010,31
Port Washington,16,2010,77
Port Washington,17,2010,128
Port Washington,18,2010,187
Port Washington,19,2010,121
Port Washington,20,2010,57
Port Washington,21,2010,58
Port Washington,22,2010,63
Port Washington,23,2010,19
Port Washington,0,2011,9
Port Washington,1,2011,3
Port Washington,2,2011,7
Port Washington,3,2011,13
Port Washington,4,2011,
Port Washington,5,2011,13
Port Washington,6,2011,42
Port Washington,7,2011,106
Port Washington,8,2011,189
Port Washington,9,2011,25
Port Washington,10,2011,16
Port Washington,11,2011,38
Port Washington,12,2011,18
Port Washington,13,2011,20
Port Washington,14,2011,20
Port Washington,15,2011,26
Port Washington,16,2011,90
Port Washington,17,2011,205
Port Washington,18,2011,242
Port Washington,19,2011,148
Port Washington,20,2011,53
Port Washington,21,2011,36
Port Washington,22,2011,63
Port Washington,23,2011,33
Port Washington,0,2012,8
Port Washington,1,2012,7
Port Washington,2,2012,12
Port Washington,3,2012,12
Port Washington,4,2012,1
Port Washington,5,2012,12
Port Washington,6,2012,53
Port Washington,7,2012,110
Port Washington,8,2012,183
Port Washington,9,2012,49
Port Washington,10,2012,24
Port Washington,11,2012,59
Port Washington,12,2012,20
Port Washington,13,2012,20
Port Washington,14,2012,22
Port Washington,15,2012,28
Port Washington,16,2012,105
Port Washington,17,2012,199
Port Washington,18,2012,211
Port Washington,19,2012,151
Port Washington,20,2012,58
Port Washington,21,2012,52
Port Washington,22,2012,76
Port Washington,23,2012,8
Port Washington,0,2013,12
Port Washington,1,2013,3
Port Washington,2,2013,12
Port Washington,3,2013,5
Port Washington,4,2013,3
Port Washington,5,2013,14
Port Washington,6,2013,42
Port Washington,7,2013,173
Port Washington,8,2013,304
Port Washington,9,2013,64
Port Washington,10,2013,42
Port Washington,11,2013,50
Port Washington,12,2013,42
Port Washington,13,2013,24
Port Washington,14,2013,27
Port Washington,15,2013,48
Port Washington,16,2013,115
Port Washington,17,2013,190
Port Washington,18,2013,282
Port Washington,19,2013,228
Port Washington,20,2013,73
Port Washington,21,2013,55
Port Washington,22,2013,74
Port Washington,23,2013,22
Port Washington,0,2014,22
Port Washington,1,2014,7
Port Washington,2,2014,10
Port Washington,3,2014,11
Port Washington,4,2014,2
Port Washington,5,2014,10
Port Washington,6,2014,41
Port Washington,7,2014,130
Port Washington,8,2014,341
Port Washington,9,2014,100
Port Washington,10,2014,47
Port Washington,11,2014,51
Port Washington,12,2014,35
Port Washington,13,2014,40
Port Washington,14,2014,28
Port Washington,15,2014,101
Port Washington,16,2014,257
Port Washington,17,2014,346
Port Washington,18,2014,366
Port Washington,19,2014,291
Port Washington,20,2014,95
Port Washington,21,2014,82
Port Washington,22,2014,92
Port Washington,23,2014,37
Port Washington,0,2015,14
Port Washington,1,2015,7
Port Washington,2,2015,11
Port Washington,3,2015,20
Port Washington,4,2015,6
Port Washington,5,2015,13
Port Washington,6,2015,55
Port Washington,7,2015,132
Port Washington,8,2015,327
Port Washington,9,2015,98
Port Washington,10,2015,39
Port Washington,11,2015,51
Port Washington,12,2015,66
Port Washington,13,2015,35
Port Washington,14,2015,40
Port Washington,15,2015,112
Port Washington,16,2015,291
Port Washington,17,2015,400
Port Washington,18,2015,421
Port Washington,19,2015,415
Port Washington,20,2015,131
Port Washington,21,2015,119
Port Washington,22,2015,108
Port Washington,23,2015,47
Port Washington,0,2016,8
Port Washington,1,2016,8
Port Washington,2,2016,9
Port Washington,3,2016,12
Port Washington,4,2016,3
Port Washington,5,2016,10
Port Washington,6,2016,36
Port Washington,7,2016,97
Port Washington,8,2016,222
Port Washington,9,2016,82
Port Washington,10,2016,39
Port Washington,11,2016,53
Port Washington,12,2016,51
Port Washington,13,2016,57
Port Washington,14,2016,87
Port Washington,15,2016,81
Port Washington,16,2016,213
Port Washington,17,2016,304
Port Washington,18,2016,417
Port Washington,19,2016,346
Port Washington,20,2016,96
Port Washington,21,2016,89
Port Washington,22,2016,140
Port Washington,23,2016,26
Port Washington,0,2017,24
Port Washington,1,2017,9
Port Washington,2,2017,12
Port Washington,3,2017,10
Port Washington,4,2017,1
Port Washington,5,2017,17
Port Washington,6,2017,52
Port Washington,7,2017,103
Port Washington,8,2017,389
Port Washington,9,2017,129
Port Washington,10,2017,41
Port Washington,11,2017,45
Port Washington,12,2017,34
Port Washington,13,2017,35
Port Washington,14,2017,72
Port Washington,15,2017,117
Port Washington,16,2017,343
Port Washington,17,2017,483
Port Washington,18,2017,450
Port Washington,19,2017,439
Port Washington,20,2017,115
Port Washington,21,2017,95
Port Washington,22,2017,138
Port Washington,23,2017,38
Port Washington,0,2018,18
Port Washington,1,2018,8
Port Washington,2,2018,8
Port Washington,3,2018,7
Port Washington,4,2018,4
Port Washington,5,2018,9
Port Washington,6,2018,27
Port Washington,7,2018,55
Port Washington,8,2018,142
Port Washington,9,2018,67
Port Washington,10,2018,24
Port Washington,11,2018,19
Port Washington,12,2018,26
Port Washington,13,2018,18
Port Washington,14,2018,24
Port Washington,15,2018,61
Port Washington,16,2018,139
Port Washington,17,2018,167
Port Washington,18,2018,242
Port Washington,19,2018,138
Port Washington,20,2018,55
Port Washington,21,2018,48
Port Washington,22,2018,53
Port Washington,23,2018,30
Ronk. (greenpt.),0,2010,36
Ronk. (greenpt.),1,2010,14
Ronk. (greenpt.),2,2010,9
Ronk. (greenpt.),3,2010,7
Ronk. (greenpt.),4,2010,17
Ronk. (greenpt.),5,2010,41
Ronk. (greenpt.),6,2010,64
Ronk. (greenpt.),7,2010,146
Ronk. (greenpt.),8,2010,38
Ronk. (greenpt.),9,2010,64
Ronk. (greenpt.),10,2010,30
Ronk. (greenpt.),11,2010,51
Ronk. (greenpt.),12,2010,38
Ronk. (greenpt.),13,2010,42
Ronk. (greenpt.),14,2010,57
Ronk. (greenpt.),15,2010,130
Ronk. (greenpt.),16,2010,140
Ronk. (greenpt.),17,2010,115
Ronk. (greenpt.),18,2010,119
Ronk. (greenpt.),19,2010,76
Ronk. (greenpt.),20,2010,17
Ronk. (greenpt.),21,2010,36
Ronk. (greenpt.),22,2010,29
Ronk. (greenpt.),23,2010,20
Ronk. (greenpt.),0,2011,85
Ronk. (greenpt.),1,2011,32
Ronk. (greenpt.),2,2011,13
Ronk. (greenpt.),3,2011,13
Ronk. (greenpt.),4,2011,23
Ronk. (greenpt.),5,2011,90
Ronk. (greenpt.),6,2011,143
Ronk. (greenpt.),7,2011,258
Ronk. (greenpt.),8,2011,58
Ronk. (greenpt.),9,2011,76
Ronk. (greenpt.),10,2011,110
Ronk. (greenpt.),11,2011,101
Ronk. (greenpt.),12,2011,70
Ronk. (greenpt.),13,2011,63
Ronk. (greenpt.),14,2011,75
Ronk. (greenpt.),15,2011,210
Ronk. (greenpt.),16,2011,184
Ronk. (greenpt.),17,2011,186
Ronk. (greenpt.),18,2011,194
Ronk. (greenpt.),19,2011,114
Ronk. (greenpt.),20,2011,19
Ronk. (greenpt.),21,2011,66
Ronk. (greenpt.),22,2011,75
Ronk. (greenpt.),23,2011,37
Ronk. (greenpt.),0,2012,52
Ronk. (greenpt.),1,2012,22
Ronk. (greenpt.),2,2012,20
Ronk. (greenpt.),3,2012,15
Ronk. (greenpt.),4,2012,36
Ronk. (greenpt.),5,2012,68
Ronk. (greenpt.),6,2012,121
Ronk. (greenpt.),7,2012,255
Ronk. (greenpt.),8,2012,53
Ronk. (greenpt.),9,2012,76
Ronk. (greenpt.),10,2012,84
Ronk. (greenpt.),11,2012,72
Ronk. (greenpt.),12,2012,53
Ronk. (greenpt.),13,2012,65
Ronk. (greenpt.),14,2012,88
Ronk. (greenpt.),15,2012,222
Ronk. (greenpt.),16,2012,229
Ronk. (greenpt.),17,2012,144
Ronk. (greenpt.),18,2012,154
Ronk. (greenpt.),19,2012,119
Ronk. (greenpt.),20,2012,23
Ronk. (greenpt.),21,2012,65
Ronk. (greenpt.),22,2012,69
Ronk. (greenpt.),23,2012,46
Ronk. (greenpt.),0,2013,51
Ronk. (greenpt.),1,2013,23
Ronk. (greenpt.),2,2013,14
Ronk. (greenpt.),3,2013,20
Ronk. (greenpt.),4,2013,27
Ronk. (greenpt.),5,2013,63
Ronk. (greenpt.),6,2013,144
Ronk. (greenpt.),7,2013,300
Ronk. (greenpt.),8,2013,56
Ronk. (greenpt.),9,2013,106
Ronk. (greenpt.),10,2013,131
Ronk. (greenpt.),11,2013,100
Ronk. (greenpt.),12,2013,112
Ronk. (greenpt.),13,2013,56
Ronk. (greenpt.),14,2013,104
Ronk. (greenpt.),15,2013,171
Ronk. (greenpt.),16,2013,245
Ronk. (greenpt.),17,2013,162
Ronk. (greenpt.),18,2013,192
Ronk. (greenpt.),19,2013,143
Ronk. (greenpt.),20,2013,32
Ronk. (greenpt.),21,2013,87
Ronk. (greenpt.),22,2013,74
Ronk. (greenpt.),23,2013,41
Ronk. (greenpt.),0,2014,74
Ronk. (greenpt.),1,2014,24
Ronk. (greenpt.),2,2014,27
Ronk. (greenpt.),3,2014,16
Ronk. (greenpt.),4,2014,31
Ronk. (greenpt.),5,2014,61
Ronk. (greenpt.),6,2014,160
Ronk. (greenpt.),7,2014,371
Ronk. (greenpt.),8,2014,72
Ronk. (greenpt.),9,2014,115
Ronk. (greenpt.),10,2014,125
Ronk. (greenpt.),11,2014,152
Ronk. (greenpt.),12,2014,97
Ronk. (greenpt.),13,2014,61
Ronk. (greenpt.),14,2014,80
Ronk. (greenpt.),15,2014,158
Ronk. (greenpt.),16,2014,346
Ronk. (greenpt.),17,2014,180
Ronk. (greenpt.),18,2014,225
Ronk. (greenpt.),19,2014,181
Ronk. (greenpt.),20,2014,41
Ronk. (greenpt.),21,2014,66
Ronk. (greenpt.),22,2014,69
Ronk. (greenpt.),23,2014,50
Ronk. (greenpt.),0,2015,75
Ronk. (greenpt.),1,2015,31
Ronk. (greenpt.),2,2015,21
Ronk. (greenpt.),3,2015,16
Ronk. (greenpt.),4,2015,45
Ronk. (greenpt.),5,2015,124
Ronk. (greenpt.),6,2015,249
Ronk. (greenpt.),7,2015,418
Ronk. (greenpt.),8,2015,66
Ronk. (greenpt.),9,2015,128
Ronk. (greenpt.),10,2015,135
Ronk. (greenpt.),11,2015,95
Ronk. (greenpt.),12,2015,123
Ronk. (greenpt.),13,2015,87
Ronk. (greenpt.),14,2015,113
Ronk. (greenpt.),15,2015,150
Ronk. (greenpt.),16,2015,369
Ronk. (greenpt.),17,2015,268
Ronk. (greenpt.),18,2015,249
Ronk. (greenpt.),19,2015,151
Ronk. (greenpt.),20,2015,31
Ronk. (greenpt.),21,2015,71
Ronk. (greenpt.),22,2015,94
Ronk. (greenpt.),23,2015,55
Ronk. (greenpt.),0,2016,86
Ronk. (greenpt.),1,2016,46
Ronk. (greenpt.),2,2016,28
Ronk. (greenpt.),3,2016,16
Ronk. (greenpt.),4,2016,29
Ronk. (greenpt.),5,2016,63
Ronk. (greenpt.),6,2016,172
Ronk. (greenpt.),7,2016,318
Ronk. (greenpt.),8,2016,79
Ronk. (greenpt.),9,2016,132
Ronk. (greenpt.),10,2016,158
Ronk. (greenpt.),11,2016,97
Ronk. (greenpt.),12,2016,125
Ronk. (greenpt.),13,2016,104
Ronk. (greenpt.),14,2016,124
Ronk. (greenpt.),15,2016,135
Ronk. (greenpt.),16,2016,332
Ronk. (greenpt.),17,2016,144
Ronk. (greenpt.),18,2016,154
Ronk. (greenpt.),19,2016,157
Ronk. (greenpt.),20,2016,41
Ronk. (greenpt.),21,2016,88
Ronk. (greenpt.),22,2016,70
Ronk. (greenpt.),23,2016,52
Ronk. (greenpt.),0,2017,58
Ronk. (greenpt.),1,2017,45
Ronk. (greenpt.),2,2017,25
Ronk. (greenpt.),3,2017,24
Ronk. (greenpt.),4,2017,37
Ronk. (greenpt.),5,2017,77
Ronk. (greenpt.),6,2017,201
Ronk. (greenpt.),7,2017,353
Ronk. (greenpt.),8,2017,65
Ronk. (greenpt.),9,2017,144
Ronk. (greenpt.),10,2017,197
Ronk. (greenpt.),11,2017,159
Ronk. (greenpt.),12,2017,156
Ronk. (greenpt.),13,2017,108
Ronk. (greenpt.),14,2017,157
Ronk. (greenpt.),15,2017,172
Ronk. (greenpt.),16,2017,358
Ronk. (greenpt.),17,2017,183
Ronk. (greenpt.),18,2017,217
Ronk. (greenpt.),19,2017,185
Ronk. (greenpt.),20,2017,30
Ronk. (greenpt.),21,2017,83
Ronk. (greenpt.),22,2017,95
Ronk. (greenpt.),23,2017,61
Ronk. (greenpt.),0,2018,32
Ronk. (greenpt.),1,2018,25
Ronk. (greenpt.),2,2018,8
Ronk. (greenpt.),3,2018,4
Ronk. (greenpt.),4,2018,23
Ronk. (greenpt.),5,2018,42
Ronk. (greenpt.),6,2018,119
Ronk. (greenpt.),7,2018,201
Ronk. (greenpt.),8,2018,36
Ronk. (greenpt.),9,2018,70
Ronk. (greenpt.),10,2018,78
Ronk. (greenpt.),11,2018,95
Ronk. (greenpt.),12,2018,117
Ronk. (greenpt.),13,2018,90
Ronk. (greenpt.),14,2018,89
Ronk. (greenpt.),15,2018,88
Ronk. (greenpt.),16,2018,149
Ronk. (greenpt.),17,2018,93
Ronk. (greenpt.),18,2018,116
Ronk. (greenpt.),19,2018,97
Ronk. (greenpt.),20,2018,19
Ronk. (greenpt.),21,2018,43
Ronk. (greenpt.),22,2018,44
Ronk. (greenpt.),23,2018,31
West Hempstead,0,2010,12
West Hempstead,1,2010,
West Hempstead,2,2010,
West Hempstead,3,2010,
West Hempstead,4,2010,
West Hempstead,5,2010,17
West Hempstead,6,2010,6
West Hempstead,7,2010,9
West Hempstead,8,2010,17
West Hempstead,9,2010,5
West Hempstead,10,2010,12
West Hempstead,11,2010,6
West Hempstead,12,2010,6
West Hempstead,13,2010,7
West Hempstead,14,2010,8
West Hempstead,15,2010,8
West Hempstead,16,2010,15
West Hempstead,17,2010,27
West Hempstead,18,2010,11
West Hempstead,19,2010,14
West Hempstead,20,2010,8
West Hempstead,21,2010,21
West Hempstead,22,2010,6
West Hempstead,23,2010,12
West Hempstead,0,2011,10
West Hempstead,1,2011,
West Hempstead,2,2011,
West Hempstead,3,2011,
West Hempstead,4,2011,
West Hempstead,5,2011,13
West Hempstead,6,2011,8
West Hempstead,7,2011,30
West Hempstead,8,2011,31
West Hempstead,9,2011,
West Hempstead,10,2011,12
West Hempstead,11,2011,
West Hempstead,12,2011,8
West Hempstead,13,2011,
West Hempstead,14,2011,9
West Hempstead,15,2011,5
West Hempstead,16,2011,18
West Hempstead,17,2011,40
West Hempstead,18,2011,34
West Hempstead,19,2011,25
West Hempstead,20,2011,3
West Hempstead,21,2011,21
West Hempstead,22,2011,3
West Hempstead,23,2011,16
West Hempstead,0,2012,14
West Hempstead,1,2012,
West Hempstead,2,2012,
West Hempstead,3,2012,
West Hempstead,4,2012,
West Hempstead,5,2012,11
West Hempstead,6,2012,7
West Hempstead,7,2012,25
West Hempstead,8,2012,20
West Hempstead,9,2012,
West Hempstead,10,2012,4
West Hempstead,11,2012,
West Hempstead,12,2012,6
West Hempstead,13,2012,
West Hempstead,14,2012,4
West Hempstead,15,2012,3
West Hempstead,16,2012,27
West Hempstead,17,2012,62
West Hempstead,18,2012,27
West Hempstead,19,2012,45
West Hempstead,20,2012,8
West Hempstead,21,2012,16
West Hempstead,22,2012,3
West Hempstead,23,2012,34
West Hempstead,0,2013,15
West Hempstead,1,2013,
West Hempstead,2,2013,
West Hempstead,3,2013,
West Hempstead,4,2013,
West Hempstead,5,2013,8
West Hempstead,6,2013,13
West Hempstead,7,2013,62
West Hempstead,8,2013,14
West Hempstead,9,2013,1
West Hempstead,10,2013,10
West Hempstead,11,2013,
West Hempstead,12,2013,5
West Hempstead,13,2013,
West Hempstead,14,2013,8
West Hempstead,15,2013,4
West Hempstead,16,2013,44
West Hempstead,17,2013,82
West Hempstead,18,2013,28
West Hempstead,19,2013,39
West Hempstead,20,2013,3
West Hempstead,21,2013,23
West Hempstead,22,2013,3
West Hempstead,23,2013,18
West Hempstead,0,2014,30
West Hempstead,1,2014,
West Hempstead,2,2014,
West Hempstead,3,2014,
West Hempstead,4,2014,
West Hempstead,5,2014,11
West Hempstead,6,2014,7
West Hempstead,7,2014,50
West Hempstead,8,2014,15
West Hempstead,9,2014,
West Hempstead,10,2014,5
West Hempstead,11,2014,
West Hempstead,12,2014,5
West Hempstead,13,2014,
West Hempstead,14,2014,3
West Hempstead,15,2014,7
West Hempstead,16,2014,38
West Hempstead,17,2014,130
West Hempstead,18,2014,41
West Hempstead,19,2014,43
West Hempstead,20,2014,5
West Hempstead,21,2014,38
West Hempstead,22,2014,4
West Hempstead,23,2014,28
West Hempstead,0,2015,40
West Hempstead,1,2015,
West Hempstead,2,2015,
West Hempstead,3,2015,
West Hempstead,4,2015,
West Hempstead,5,2015,15
West Hempstead,6,2015,11
West Hempstead,7,2015,62
West Hempstead,8,2015,22
West Hempstead,9,2015,7
West Hempstead,10,2015,11
West Hempstead,11,2015,5
West Hempstead,12,2015,5
West Hempstead,13,2015,5
West Hempstead,14,2015,5
West Hempstead,15,2015,8
West Hempstead,16,2015,32
West Hempstead,17,2015,129
West Hempstead,18,2015,41
West Hempstead,19,2015,34
West Hempstead,20,2015,2
West Hempstead,21,2015,50
West Hempstead,22,2015,3
West Hempstead,23,2015,22
West Hempstead,0,2016,17
West Hempstead,1,2016,
West Hempstead,2,2016,
West Hempstead,3,2016,
West Hempstead,4,2016,
West Hempstead,5,2016,9
West Hempstead,6,2016,13
West Hempstead,7,2016,44
West Hempstead,8,2016,18
West Hempstead,9,2016,3
West Hempstead,10,2016,10
West Hempstead,11,2016,3
West Hempstead,12,2016,7
West Hempstead,13,2016,7
West Hempstead,14,2016,6
West Hempstead,15,2016,2
West Hempstead,16,2016,50
West Hempstead,17,2016,81
West Hempstead,18,2016,25
West Hempstead,19,2016,24
West Hempstead,20,2016,3
West Hempstead,21,2016,9
West Hempstead,22,2016,5
West Hempstead,23,2016,14
West Hempstead,0,2017,14
West Hempstead,1,2017,
West Hempstead,2,2017,
West Hempstead,3,2017,
West Hempstead,4,2017,
West Hempstead,5,2017,11
West Hempstead,6,2017,22
West Hempstead,7,2017,63
West Hempstead,8,2017,43
West Hempstead,9,2017,3
West Hempstead,10,2017,8
West Hempstead,11,2017,2
West Hempstead,12,2017,5
West Hempstead,13,2017,3
West Hempstead,14,2017,12
West Hempstead,15,2017,20
West Hempstead,16,2017,62
West Hempstead,17,2017,114
West Hempstead,18,2017,33
West Hempstead,19,2017,45
West Hempstead,20,2017,4
West Hempstead,21,2017,23
West Hempstead,22,2017,4
West Hempstead,23,2017,14
West Hempstead,0,2018,7
West Hempstead,1,2018,
West Hempstead,2,2018,
West Hempstead,3,2018,
West Hempstead,4,2018,
West Hempstead,5,2018,4
West Hempstead,6,2018,22
West Hempstead,7,2018,46
West Hempstead,8,2018,41
West Hempstead,9,2018,2
West Hempstead,10,2018,9
West Hempstead,11,2018,2
West Hempstead,12,2018,10
West Hempstead,13,2018,1
West Hempstead,14,2018,12
West Hempstead,15,2018,12
West Hempstead,16,2018,32
West Hempstead,17,2018,65
West Hempstead,18,2018,20
West Hempstead,19,2018,28
West Hempstead,20,2018,6
West Hempstead,21,2018,20
West Hempstead,22,2018,8
West Hempstead,23,2018,10
